word,importance,metric,kernel_width,mean_weight,num_features,iteration
I,-0.04533082766051203,cosine,0.75,0.9768359211312487,27,0
had,0.03986398873364161,cosine,0.75,0.9768359211312487,27,0
a,0.046353681825206314,cosine,0.75,0.9768359211312487,27,0
fantastic,-0.21034787503819047,cosine,0.75,0.9768359211312487,27,0
time,-0.0550612247901158,cosine,0.75,0.9768359211312487,27,0
at,0.010880998098429143,cosine,0.75,0.9768359211312487,27,0
this,-0.09875658788254417,cosine,0.75,0.9768359211312487,27,0
event,-0.021064816172445457,cosine,0.75,0.9768359211312487,27,0
It,0.058556411732152154,cosine,0.75,0.9768359211312487,27,0
was,0.04054029978921053,cosine,0.75,0.9768359211312487,27,0
well,-0.01318832331230551,cosine,0.75,0.9768359211312487,27,0
organized,-0.15364670951636916,cosine,0.75,0.9768359211312487,27,0
and,-0.027289171902975477,cosine,0.75,0.9768359211312487,27,0
enjoyed,0.00848924816890245,cosine,0.75,0.9768359211312487,27,0
every,-0.13406177085119353,cosine,0.75,0.9768359211312487,27,0
moment,-0.03672606321480747,cosine,0.75,0.9768359211312487,27,0
of,-9.23112844327488e-07,cosine,0.75,0.9768359211312487,27,0
it,-0.02422987301330199,cosine,0.75,0.9768359211312487,27,0
The,0.04172026888655482,cosine,0.75,0.9768359211312487,27,0
speakers,-0.030675310875472823,cosine,0.75,0.9768359211312487,27,0
were,0.06461789489926416,cosine,0.75,0.9768359211312487,27,0
knowledgeable,0.006320315902768388,cosine,0.75,0.9768359211312487,27,0
insightful,-0.20778753491629007,cosine,0.75,0.9768359211312487,27,0
learned,-0.059048778204445825,cosine,0.75,0.9768359211312487,27,0
lot,0.027864714119972916,cosine,0.75,0.9768359211312487,27,0
from,-0.008813146339664306,cosine,0.75,0.9768359211312487,27,0
them,-0.009574829228771686,cosine,0.75,0.9768359211312487,27,0
I,-0.03845414159784467,cosine,0.75,0.9768476859893449,27,1
had,0.03711819917479704,cosine,0.75,0.9768476859893449,27,1
a,0.051269222962692165,cosine,0.75,0.9768476859893449,27,1
fantastic,-0.20376607749083359,cosine,0.75,0.9768476859893449,27,1
time,-0.043321514339957935,cosine,0.75,0.9768476859893449,27,1
at,-0.0034016197965109846,cosine,0.75,0.9768476859893449,27,1
this,-0.06908773083808027,cosine,0.75,0.9768476859893449,27,1
event,-0.018799322702639412,cosine,0.75,0.9768476859893449,27,1
It,0.05899615514305127,cosine,0.75,0.9768476859893449,27,1
was,0.0490583075460488,cosine,0.75,0.9768476859893449,27,1
well,-0.01444314033793482,cosine,0.75,0.9768476859893449,27,1
organized,-0.15630015401505784,cosine,0.75,0.9768476859893449,27,1
and,-0.02040031450233032,cosine,0.75,0.9768476859893449,27,1
enjoyed,0.013822971795339707,cosine,0.75,0.9768476859893449,27,1
every,-0.13498678618942522,cosine,0.75,0.9768476859893449,27,1
moment,-0.04288281161267877,cosine,0.75,0.9768476859893449,27,1
of,0.021803529513901212,cosine,0.75,0.9768476859893449,27,1
it,-0.01626513434390354,cosine,0.75,0.9768476859893449,27,1
The,0.03715964025727828,cosine,0.75,0.9768476859893449,27,1
speakers,-0.0370613298103093,cosine,0.75,0.9768476859893449,27,1
were,0.06774470465113923,cosine,0.75,0.9768476859893449,27,1
knowledgeable,-0.011367288555228746,cosine,0.75,0.9768476859893449,27,1
insightful,-0.19883277408859287,cosine,0.75,0.9768476859893449,27,1
learned,-0.061072706637733704,cosine,0.75,0.9768476859893449,27,1
lot,0.030369604299205384,cosine,0.75,0.9768476859893449,27,1
from,-0.011154110964211606,cosine,0.75,0.9768476859893449,27,1
them,-0.015003232344631693,cosine,0.75,0.9768476859893449,27,1
I,-0.04808280255800785,cosine,0.75,0.9768562097140127,27,2
had,0.04313266403601556,cosine,0.75,0.9768562097140127,27,2
a,0.04639896387591755,cosine,0.75,0.9768562097140127,27,2
fantastic,-0.216189259145742,cosine,0.75,0.9768562097140127,27,2
time,-0.04183101214401329,cosine,0.75,0.9768562097140127,27,2
at,0.007207966069837798,cosine,0.75,0.9768562097140127,27,2
this,-0.0800657799518958,cosine,0.75,0.9768562097140127,27,2
event,-0.01999270527021425,cosine,0.75,0.9768562097140127,27,2
It,0.05606021305013108,cosine,0.75,0.9768562097140127,27,2
was,0.051834391429523174,cosine,0.75,0.9768562097140127,27,2
well,-0.010036496226351742,cosine,0.75,0.9768562097140127,27,2
organized,-0.1419579162630411,cosine,0.75,0.9768562097140127,27,2
and,-0.0424407209555356,cosine,0.75,0.9768562097140127,27,2
enjoyed,0.00946074150083529,cosine,0.75,0.9768562097140127,27,2
every,-0.11725860247184468,cosine,0.75,0.9768562097140127,27,2
moment,-0.04154578595082249,cosine,0.75,0.9768562097140127,27,2
of,0.014342143860856955,cosine,0.75,0.9768562097140127,27,2
it,-0.02875403525895966,cosine,0.75,0.9768562097140127,27,2
The,0.029789733409437198,cosine,0.75,0.9768562097140127,27,2
speakers,-0.03000549992078317,cosine,0.75,0.9768562097140127,27,2
were,0.060623628185582326,cosine,0.75,0.9768562097140127,27,2
knowledgeable,0.0033195306820110668,cosine,0.75,0.9768562097140127,27,2
insightful,-0.20207209175063337,cosine,0.75,0.9768562097140127,27,2
learned,-0.06099855111092763,cosine,0.75,0.9768562097140127,27,2
lot,0.04220685212936011,cosine,0.75,0.9768562097140127,27,2
from,-0.008630420277088782,cosine,0.75,0.9768562097140127,27,2
them,-0.010968022722707551,cosine,0.75,0.9768562097140127,27,2
I,-0.03896475686172374,cosine,0.75,0.9768515904678956,27,3
had,0.0421541982703479,cosine,0.75,0.9768515904678956,27,3
a,0.050064142098175696,cosine,0.75,0.9768515904678956,27,3
fantastic,-0.20800544966528134,cosine,0.75,0.9768515904678956,27,3
time,-0.03525332640014605,cosine,0.75,0.9768515904678956,27,3
at,0.008909894572755095,cosine,0.75,0.9768515904678956,27,3
this,-0.0865879398837161,cosine,0.75,0.9768515904678956,27,3
event,-0.013800207472794876,cosine,0.75,0.9768515904678956,27,3
It,0.06381982766818185,cosine,0.75,0.9768515904678956,27,3
was,0.042298071537344537,cosine,0.75,0.9768515904678956,27,3
well,-0.008210083062789416,cosine,0.75,0.9768515904678956,27,3
organized,-0.14870615384770766,cosine,0.75,0.9768515904678956,27,3
and,-0.033174764525082695,cosine,0.75,0.9768515904678956,27,3
enjoyed,0.019690026158318552,cosine,0.75,0.9768515904678956,27,3
every,-0.13125739525982927,cosine,0.75,0.9768515904678956,27,3
moment,-0.04545642533780756,cosine,0.75,0.9768515904678956,27,3
of,-0.007563502447395603,cosine,0.75,0.9768515904678956,27,3
it,-0.014898293883022115,cosine,0.75,0.9768515904678956,27,3
The,0.028798201279177444,cosine,0.75,0.9768515904678956,27,3
speakers,-0.03369843478507832,cosine,0.75,0.9768515904678956,27,3
were,0.06381722068292933,cosine,0.75,0.9768515904678956,27,3
knowledgeable,-0.01787617169038269,cosine,0.75,0.9768515904678956,27,3
insightful,-0.20390387436568508,cosine,0.75,0.9768515904678956,27,3
learned,-0.05571390180977158,cosine,0.75,0.9768515904678956,27,3
lot,0.028320705053651044,cosine,0.75,0.9768515904678956,27,3
from,-0.003724018952303535,cosine,0.75,0.9768515904678956,27,3
them,-0.013217930502723747,cosine,0.75,0.9768515904678956,27,3
I,-0.03155720458428707,cosine,0.75,0.9768854361271146,27,4
had,0.04232825933819524,cosine,0.75,0.9768854361271146,27,4
a,0.04419715568047775,cosine,0.75,0.9768854361271146,27,4
fantastic,-0.19941193037648103,cosine,0.75,0.9768854361271146,27,4
time,-0.03337986583824485,cosine,0.75,0.9768854361271146,27,4
at,0.0007297688500312313,cosine,0.75,0.9768854361271146,27,4
this,-0.0777521428847528,cosine,0.75,0.9768854361271146,27,4
event,-0.0197679978126,cosine,0.75,0.9768854361271146,27,4
It,0.051014643044814845,cosine,0.75,0.9768854361271146,27,4
was,0.05033338167353645,cosine,0.75,0.9768854361271146,27,4
well,-0.003568920106180626,cosine,0.75,0.9768854361271146,27,4
organized,-0.14082362630260137,cosine,0.75,0.9768854361271146,27,4
and,-0.02426829738072427,cosine,0.75,0.9768854361271146,27,4
enjoyed,0.018180443938724946,cosine,0.75,0.9768854361271146,27,4
every,-0.12183939492372176,cosine,0.75,0.9768854361271146,27,4
moment,-0.03521838287714287,cosine,0.75,0.9768854361271146,27,4
of,-0.0006272829485342448,cosine,0.75,0.9768854361271146,27,4
it,-0.02054584155215186,cosine,0.75,0.9768854361271146,27,4
The,0.027938944469304783,cosine,0.75,0.9768854361271146,27,4
speakers,-0.019743134897855882,cosine,0.75,0.9768854361271146,27,4
were,0.04876533836598323,cosine,0.75,0.9768854361271146,27,4
knowledgeable,-0.0034109858606248935,cosine,0.75,0.9768854361271146,27,4
insightful,-0.205734275979987,cosine,0.75,0.9768854361271146,27,4
learned,-0.07411300409857864,cosine,0.75,0.9768854361271146,27,4
lot,0.023573275850473068,cosine,0.75,0.9768854361271146,27,4
from,-0.008495682704900993,cosine,0.75,0.9768854361271146,27,4
them,-0.013044346671996944,cosine,0.75,0.9768854361271146,27,4
I,-0.04502968567897661,cosine,0.75,0.9769067752007177,27,5
had,0.03740819172968994,cosine,0.75,0.9769067752007177,27,5
a,0.04309751892927756,cosine,0.75,0.9769067752007177,27,5
fantastic,-0.19646515658429317,cosine,0.75,0.9769067752007177,27,5
time,-0.03419461041786487,cosine,0.75,0.9769067752007177,27,5
at,-0.001869251255427595,cosine,0.75,0.9769067752007177,27,5
this,-0.08156205627198596,cosine,0.75,0.9769067752007177,27,5
event,-0.018380191164843414,cosine,0.75,0.9769067752007177,27,5
It,0.05986512839157842,cosine,0.75,0.9769067752007177,27,5
was,0.040003835698181875,cosine,0.75,0.9769067752007177,27,5
well,-0.010246613158239269,cosine,0.75,0.9769067752007177,27,5
organized,-0.14259933604575,cosine,0.75,0.9769067752007177,27,5
and,-0.04777975541695165,cosine,0.75,0.9769067752007177,27,5
enjoyed,0.013486577692875937,cosine,0.75,0.9769067752007177,27,5
every,-0.1383496178419745,cosine,0.75,0.9769067752007177,27,5
moment,-0.03032639648094621,cosine,0.75,0.9769067752007177,27,5
of,0.026646199335199485,cosine,0.75,0.9769067752007177,27,5
it,-0.008122494500656179,cosine,0.75,0.9769067752007177,27,5
The,0.041284548544549,cosine,0.75,0.9769067752007177,27,5
speakers,-0.033556067921667106,cosine,0.75,0.9769067752007177,27,5
were,0.05682326473033491,cosine,0.75,0.9769067752007177,27,5
knowledgeable,-0.007955112435584936,cosine,0.75,0.9769067752007177,27,5
insightful,-0.20848628150123125,cosine,0.75,0.9769067752007177,27,5
learned,-0.06317131991260774,cosine,0.75,0.9769067752007177,27,5
lot,0.04141487006098117,cosine,0.75,0.9769067752007177,27,5
from,0.0005168231382535152,cosine,0.75,0.9769067752007177,27,5
them,-0.007249752828397211,cosine,0.75,0.9769067752007177,27,5
I,-0.049871591687946894,cosine,0.75,0.9768680022328863,27,6
had,0.04651977963278986,cosine,0.75,0.9768680022328863,27,6
a,0.04667476945964813,cosine,0.75,0.9768680022328863,27,6
fantastic,-0.20601688336312654,cosine,0.75,0.9768680022328863,27,6
time,-0.04874525262372454,cosine,0.75,0.9768680022328863,27,6
at,0.015225608796669357,cosine,0.75,0.9768680022328863,27,6
this,-0.07789422572359858,cosine,0.75,0.9768680022328863,27,6
event,-0.017348114475045917,cosine,0.75,0.9768680022328863,27,6
It,0.05531167556050892,cosine,0.75,0.9768680022328863,27,6
was,0.05399685236304821,cosine,0.75,0.9768680022328863,27,6
well,-0.01402051379008131,cosine,0.75,0.9768680022328863,27,6
organized,-0.1362400913001165,cosine,0.75,0.9768680022328863,27,6
and,-0.02167786109984679,cosine,0.75,0.9768680022328863,27,6
enjoyed,0.01687996289396887,cosine,0.75,0.9768680022328863,27,6
every,-0.12474722841697383,cosine,0.75,0.9768680022328863,27,6
moment,-0.03269851147251529,cosine,0.75,0.9768680022328863,27,6
of,0.021707760966432173,cosine,0.75,0.9768680022328863,27,6
it,-0.014005793139236418,cosine,0.75,0.9768680022328863,27,6
The,0.022120070267341644,cosine,0.75,0.9768680022328863,27,6
speakers,-0.023124386571643323,cosine,0.75,0.9768680022328863,27,6
were,0.06054272039124455,cosine,0.75,0.9768680022328863,27,6
knowledgeable,-0.006368954602985566,cosine,0.75,0.9768680022328863,27,6
insightful,-0.20155167292686857,cosine,0.75,0.9768680022328863,27,6
learned,-0.06380101413311104,cosine,0.75,0.9768680022328863,27,6
lot,0.03033394808078097,cosine,0.75,0.9768680022328863,27,6
from,-0.004900587879973798,cosine,0.75,0.9768680022328863,27,6
them,-0.018808925762043686,cosine,0.75,0.9768680022328863,27,6
I,-0.04808854775549828,cosine,0.75,0.9768796494988299,27,7
had,0.0405233244680487,cosine,0.75,0.9768796494988299,27,7
a,0.04900551730434484,cosine,0.75,0.9768796494988299,27,7
fantastic,-0.1937662577365308,cosine,0.75,0.9768796494988299,27,7
time,-0.054891163666348476,cosine,0.75,0.9768796494988299,27,7
at,0.009348284898570725,cosine,0.75,0.9768796494988299,27,7
this,-0.07245592026483208,cosine,0.75,0.9768796494988299,27,7
event,-0.0223051284357599,cosine,0.75,0.9768796494988299,27,7
It,0.061812807767669085,cosine,0.75,0.9768796494988299,27,7
was,0.05078916656943288,cosine,0.75,0.9768796494988299,27,7
well,0.002650437640042176,cosine,0.75,0.9768796494988299,27,7
organized,-0.1600145602677814,cosine,0.75,0.9768796494988299,27,7
and,-0.036087427346753874,cosine,0.75,0.9768796494988299,27,7
enjoyed,0.017674780747610395,cosine,0.75,0.9768796494988299,27,7
every,-0.1335145591076771,cosine,0.75,0.9768796494988299,27,7
moment,-0.03638734504365057,cosine,0.75,0.9768796494988299,27,7
of,0.0034774129598558134,cosine,0.75,0.9768796494988299,27,7
it,0.0001962585521865908,cosine,0.75,0.9768796494988299,27,7
The,0.02955442942008797,cosine,0.75,0.9768796494988299,27,7
speakers,-0.028337725292044837,cosine,0.75,0.9768796494988299,27,7
were,0.0648145243841097,cosine,0.75,0.9768796494988299,27,7
knowledgeable,-0.010961990188817891,cosine,0.75,0.9768796494988299,27,7
insightful,-0.20108677347192055,cosine,0.75,0.9768796494988299,27,7
learned,-0.05836845009415,cosine,0.75,0.9768796494988299,27,7
lot,0.03616327140903366,cosine,0.75,0.9768796494988299,27,7
from,-0.007321564603526875,cosine,0.75,0.9768796494988299,27,7
them,-0.017747984967242413,cosine,0.75,0.9768796494988299,27,7
I,-0.036367475741297846,cosine,0.75,0.9768651091978362,27,8
had,0.04159674437294079,cosine,0.75,0.9768651091978362,27,8
a,0.05123262431628986,cosine,0.75,0.9768651091978362,27,8
fantastic,-0.2000740191390831,cosine,0.75,0.9768651091978362,27,8
time,-0.03126875170454086,cosine,0.75,0.9768651091978362,27,8
at,0.01399347223980705,cosine,0.75,0.9768651091978362,27,8
this,-0.08714107780373881,cosine,0.75,0.9768651091978362,27,8
event,-0.031794223394177125,cosine,0.75,0.9768651091978362,27,8
It,0.05239093123718967,cosine,0.75,0.9768651091978362,27,8
was,0.04719894374219739,cosine,0.75,0.9768651091978362,27,8
well,-0.008702702553600086,cosine,0.75,0.9768651091978362,27,8
organized,-0.1398076327848871,cosine,0.75,0.9768651091978362,27,8
and,-0.03686626231999541,cosine,0.75,0.9768651091978362,27,8
enjoyed,0.01761102977062418,cosine,0.75,0.9768651091978362,27,8
every,-0.11339263645786837,cosine,0.75,0.9768651091978362,27,8
moment,-0.04072833904292974,cosine,0.75,0.9768651091978362,27,8
of,0.005452383396516921,cosine,0.75,0.9768651091978362,27,8
it,-0.012009931092174509,cosine,0.75,0.9768651091978362,27,8
The,0.043296490840957415,cosine,0.75,0.9768651091978362,27,8
speakers,-0.03591818425156416,cosine,0.75,0.9768651091978362,27,8
were,0.05967031545943589,cosine,0.75,0.9768651091978362,27,8
knowledgeable,-0.01392320495212714,cosine,0.75,0.9768651091978362,27,8
insightful,-0.2101698624052917,cosine,0.75,0.9768651091978362,27,8
learned,-0.0547400336230768,cosine,0.75,0.9768651091978362,27,8
lot,0.0240557151419858,cosine,0.75,0.9768651091978362,27,8
from,-0.012836007122697174,cosine,0.75,0.9768651091978362,27,8
them,-0.015702015250491676,cosine,0.75,0.9768651091978362,27,8
I,-0.049053649077027785,cosine,0.75,0.976878474115555,27,9
had,0.041157867477254334,cosine,0.75,0.976878474115555,27,9
a,0.049598964160487334,cosine,0.75,0.976878474115555,27,9
fantastic,-0.19359072360687968,cosine,0.75,0.976878474115555,27,9
time,-0.03711749231000103,cosine,0.75,0.976878474115555,27,9
at,0.012107314624418082,cosine,0.75,0.976878474115555,27,9
this,-0.08529917606399873,cosine,0.75,0.976878474115555,27,9
event,-0.016073659147948276,cosine,0.75,0.976878474115555,27,9
It,0.06067472955626519,cosine,0.75,0.976878474115555,27,9
was,0.042981426714588,cosine,0.75,0.976878474115555,27,9
well,-0.0071412332048982185,cosine,0.75,0.976878474115555,27,9
organized,-0.14277426152725395,cosine,0.75,0.976878474115555,27,9
and,-0.032371249516169195,cosine,0.75,0.976878474115555,27,9
enjoyed,0.005945952670143705,cosine,0.75,0.976878474115555,27,9
every,-0.1336689808757955,cosine,0.75,0.976878474115555,27,9
moment,-0.04641080974403096,cosine,0.75,0.976878474115555,27,9
of,0.0017292233441614574,cosine,0.75,0.976878474115555,27,9
it,-0.02264052856677145,cosine,0.75,0.976878474115555,27,9
The,0.04226528090580262,cosine,0.75,0.976878474115555,27,9
speakers,-0.030896901076291144,cosine,0.75,0.976878474115555,27,9
were,0.055893443885838216,cosine,0.75,0.976878474115555,27,9
knowledgeable,-0.006456242105761542,cosine,0.75,0.976878474115555,27,9
insightful,-0.20604225223840958,cosine,0.75,0.976878474115555,27,9
learned,-0.052916884526653094,cosine,0.75,0.976878474115555,27,9
lot,0.03311743101686476,cosine,0.75,0.976878474115555,27,9
from,-0.00341489271764156,cosine,0.75,0.976878474115555,27,9
them,-0.019213889650720684,cosine,0.75,0.976878474115555,27,9
I,-0.041345772390571085,hamming,20.25,0.999888040868917,27,0
had,0.02910900695526967,hamming,20.25,0.999888040868917,27,0
a,0.049470330926224874,hamming,20.25,0.999888040868917,27,0
fantastic,-0.2045770433880188,hamming,20.25,0.999888040868917,27,0
time,-0.030875998703536398,hamming,20.25,0.999888040868917,27,0
at,0.016012488815285865,hamming,20.25,0.999888040868917,27,0
this,-0.08534040931778912,hamming,20.25,0.999888040868917,27,0
event,-0.0036057625456183662,hamming,20.25,0.999888040868917,27,0
It,0.060642968091491396,hamming,20.25,0.999888040868917,27,0
was,0.050690317459315924,hamming,20.25,0.999888040868917,27,0
well,-0.010864079185175613,hamming,20.25,0.999888040868917,27,0
organized,-0.13456234432864927,hamming,20.25,0.999888040868917,27,0
and,-0.025395290478309206,hamming,20.25,0.999888040868917,27,0
enjoyed,0.013205419624081099,hamming,20.25,0.999888040868917,27,0
every,-0.13966635460283486,hamming,20.25,0.999888040868917,27,0
moment,-0.03715263959050379,hamming,20.25,0.999888040868917,27,0
of,0.015476510739137157,hamming,20.25,0.999888040868917,27,0
it,-0.026770370348965115,hamming,20.25,0.999888040868917,27,0
The,0.04655460771959383,hamming,20.25,0.999888040868917,27,0
speakers,-0.036688811803238304,hamming,20.25,0.999888040868917,27,0
were,0.06000328966087595,hamming,20.25,0.999888040868917,27,0
knowledgeable,-0.009009191864236253,hamming,20.25,0.999888040868917,27,0
insightful,-0.20542168596962285,hamming,20.25,0.999888040868917,27,0
learned,-0.07457245167926203,hamming,20.25,0.999888040868917,27,0
lot,0.04086742204532222,hamming,20.25,0.999888040868917,27,0
from,-0.00045838678933769685,hamming,20.25,0.999888040868917,27,0
them,-0.011832858519686712,hamming,20.25,0.999888040868917,27,0
I,-0.03693574277146417,hamming,20.25,0.9998880456980691,27,1
had,0.04332126917925678,hamming,20.25,0.9998880456980691,27,1
a,0.050864808583689976,hamming,20.25,0.9998880456980691,27,1
fantastic,-0.19891110673648152,hamming,20.25,0.9998880456980691,27,1
time,-0.04787045904806429,hamming,20.25,0.9998880456980691,27,1
at,0.001559770231901207,hamming,20.25,0.9998880456980691,27,1
this,-0.10035079162748159,hamming,20.25,0.9998880456980691,27,1
event,-0.02579403726756935,hamming,20.25,0.9998880456980691,27,1
It,0.05822516428521197,hamming,20.25,0.9998880456980691,27,1
was,0.05172089103502831,hamming,20.25,0.9998880456980691,27,1
well,-0.007854796453746316,hamming,20.25,0.9998880456980691,27,1
organized,-0.1688780951969907,hamming,20.25,0.9998880456980691,27,1
and,-0.03951215916672187,hamming,20.25,0.9998880456980691,27,1
enjoyed,0.01268511834604939,hamming,20.25,0.9998880456980691,27,1
every,-0.126829504542667,hamming,20.25,0.9998880456980691,27,1
moment,-0.034043160652346284,hamming,20.25,0.9998880456980691,27,1
of,0.009604961285695924,hamming,20.25,0.9998880456980691,27,1
it,-0.021056963652147313,hamming,20.25,0.9998880456980691,27,1
The,0.036068142317404496,hamming,20.25,0.9998880456980691,27,1
speakers,-0.026304854326058582,hamming,20.25,0.9998880456980691,27,1
were,0.050623166428121744,hamming,20.25,0.9998880456980691,27,1
knowledgeable,-0.007273206753444398,hamming,20.25,0.9998880456980691,27,1
insightful,-0.20772204519809068,hamming,20.25,0.9998880456980691,27,1
learned,-0.07126444030588422,hamming,20.25,0.9998880456980691,27,1
lot,0.032490018454987744,hamming,20.25,0.9998880456980691,27,1
from,-0.010724192516878915,hamming,20.25,0.9998880456980691,27,1
them,-0.0006140085356405401,hamming,20.25,0.9998880456980691,27,1
I,-0.046140625446063746,hamming,20.25,0.9998879812741724,27,2
had,0.041134799483322645,hamming,20.25,0.9998879812741724,27,2
a,0.05222592731219694,hamming,20.25,0.9998879812741724,27,2
fantastic,-0.20464283532546215,hamming,20.25,0.9998879812741724,27,2
time,-0.0375536518699067,hamming,20.25,0.9998879812741724,27,2
at,0.009257400937317709,hamming,20.25,0.9998879812741724,27,2
this,-0.07989980894371958,hamming,20.25,0.9998879812741724,27,2
event,-0.02302789630616386,hamming,20.25,0.9998879812741724,27,2
It,0.0687631170260636,hamming,20.25,0.9998879812741724,27,2
was,0.056955865378702814,hamming,20.25,0.9998879812741724,27,2
well,-0.010415916462355906,hamming,20.25,0.9998879812741724,27,2
organized,-0.1379993607842396,hamming,20.25,0.9998879812741724,27,2
and,-0.038185032990117475,hamming,20.25,0.9998879812741724,27,2
enjoyed,0.011489624936572853,hamming,20.25,0.9998879812741724,27,2
every,-0.12426763670989521,hamming,20.25,0.9998879812741724,27,2
moment,-0.048861278845621754,hamming,20.25,0.9998879812741724,27,2
of,0.014698828610825209,hamming,20.25,0.9998879812741724,27,2
it,-0.011045735248986445,hamming,20.25,0.9998879812741724,27,2
The,0.043764433004063207,hamming,20.25,0.9998879812741724,27,2
speakers,-0.024334124860687156,hamming,20.25,0.9998879812741724,27,2
were,0.0616328530974705,hamming,20.25,0.9998879812741724,27,2
knowledgeable,-0.0014714714327084847,hamming,20.25,0.9998879812741724,27,2
insightful,-0.21929821553012568,hamming,20.25,0.9998879812741724,27,2
learned,-0.07190122935470535,hamming,20.25,0.9998879812741724,27,2
lot,0.04084736989093843,hamming,20.25,0.9998879812741724,27,2
from,-0.019657352182748528,hamming,20.25,0.9998879812741724,27,2
them,-0.009833586791669721,hamming,20.25,0.9998879812741724,27,2
I,-0.03776274496101834,hamming,20.25,0.9998880286343345,27,3
had,0.04584325126697952,hamming,20.25,0.9998880286343345,27,3
a,0.04423369170252959,hamming,20.25,0.9998880286343345,27,3
fantastic,-0.20518254694559265,hamming,20.25,0.9998880286343345,27,3
time,-0.050316666699665676,hamming,20.25,0.9998880286343345,27,3
at,-0.0011254464226858596,hamming,20.25,0.9998880286343345,27,3
this,-0.07652971452015607,hamming,20.25,0.9998880286343345,27,3
event,-0.023131472988303262,hamming,20.25,0.9998880286343345,27,3
It,0.05962813755982887,hamming,20.25,0.9998880286343345,27,3
was,0.03959658242115005,hamming,20.25,0.9998880286343345,27,3
well,-0.0017857814505016544,hamming,20.25,0.9998880286343345,27,3
organized,-0.15691984268087283,hamming,20.25,0.9998880286343345,27,3
and,-0.03948422187017645,hamming,20.25,0.9998880286343345,27,3
enjoyed,0.015216594957191146,hamming,20.25,0.9998880286343345,27,3
every,-0.13003473083944359,hamming,20.25,0.9998880286343345,27,3
moment,-0.03696395091704305,hamming,20.25,0.9998880286343345,27,3
of,0.005971505134952728,hamming,20.25,0.9998880286343345,27,3
it,-0.018135835397884655,hamming,20.25,0.9998880286343345,27,3
The,0.03339602007072523,hamming,20.25,0.9998880286343345,27,3
speakers,-0.028295419987079604,hamming,20.25,0.9998880286343345,27,3
were,0.06220037778427533,hamming,20.25,0.9998880286343345,27,3
knowledgeable,-0.003241124040569222,hamming,20.25,0.9998880286343345,27,3
insightful,-0.21839478813933613,hamming,20.25,0.9998880286343345,27,3
learned,-0.07713613252740507,hamming,20.25,0.9998880286343345,27,3
lot,0.03037165251218775,hamming,20.25,0.9998880286343345,27,3
from,-0.011940502906288715,hamming,20.25,0.9998880286343345,27,3
them,-0.010251666446458557,hamming,20.25,0.9998880286343345,27,3
I,-0.04263312853672282,hamming,20.25,0.9998880588112095,27,4
had,0.0465252351714999,hamming,20.25,0.9998880588112095,27,4
a,0.05546649220889375,hamming,20.25,0.9998880588112095,27,4
fantastic,-0.20651073781274584,hamming,20.25,0.9998880588112095,27,4
time,-0.0318615765641857,hamming,20.25,0.9998880588112095,27,4
at,0.010920419540606493,hamming,20.25,0.9998880588112095,27,4
this,-0.08298569000967417,hamming,20.25,0.9998880588112095,27,4
event,-0.010477373327849156,hamming,20.25,0.9998880588112095,27,4
It,0.05863650035200712,hamming,20.25,0.9998880588112095,27,4
was,0.05277092691269697,hamming,20.25,0.9998880588112095,27,4
well,-0.024358827026340537,hamming,20.25,0.9998880588112095,27,4
organized,-0.12828330432505075,hamming,20.25,0.9998880588112095,27,4
and,-0.032518227108295696,hamming,20.25,0.9998880588112095,27,4
enjoyed,0.011952350227498357,hamming,20.25,0.9998880588112095,27,4
every,-0.11533073392138192,hamming,20.25,0.9998880588112095,27,4
moment,-0.03912273081731667,hamming,20.25,0.9998880588112095,27,4
of,0.008943185995659216,hamming,20.25,0.9998880588112095,27,4
it,-0.01706392714900475,hamming,20.25,0.9998880588112095,27,4
The,0.026783888724323374,hamming,20.25,0.9998880588112095,27,4
speakers,-0.028847639244630546,hamming,20.25,0.9998880588112095,27,4
were,0.0664457394117916,hamming,20.25,0.9998880588112095,27,4
knowledgeable,-4.779365159269126e-05,hamming,20.25,0.9998880588112095,27,4
insightful,-0.2043330883970325,hamming,20.25,0.9998880588112095,27,4
learned,-0.07595127069816739,hamming,20.25,0.9998880588112095,27,4
lot,0.02886120965721102,hamming,20.25,0.9998880588112095,27,4
from,-0.009205479720113884,hamming,20.25,0.9998880588112095,27,4
them,-0.01601143323651054,hamming,20.25,0.9998880588112095,27,4
I,-0.04570370090550506,hamming,20.25,0.9998881592393141,27,5
had,0.03648256634484788,hamming,20.25,0.9998881592393141,27,5
a,0.04609695985675311,hamming,20.25,0.9998881592393141,27,5
fantastic,-0.19875044441543108,hamming,20.25,0.9998881592393141,27,5
time,-0.04225064597859078,hamming,20.25,0.9998881592393141,27,5
at,-0.00961226855154506,hamming,20.25,0.9998881592393141,27,5
this,-0.08866872627671786,hamming,20.25,0.9998881592393141,27,5
event,-0.01790377680188615,hamming,20.25,0.9998881592393141,27,5
It,0.057936896165523596,hamming,20.25,0.9998881592393141,27,5
was,0.04291857512899526,hamming,20.25,0.9998881592393141,27,5
well,-0.012184933829680621,hamming,20.25,0.9998881592393141,27,5
organized,-0.14322993425343725,hamming,20.25,0.9998881592393141,27,5
and,-0.024287524994345305,hamming,20.25,0.9998881592393141,27,5
enjoyed,0.013976391652816125,hamming,20.25,0.9998881592393141,27,5
every,-0.11084352258035342,hamming,20.25,0.9998881592393141,27,5
moment,-0.03984473408686328,hamming,20.25,0.9998881592393141,27,5
of,0.01818746406781599,hamming,20.25,0.9998881592393141,27,5
it,-0.01371154977234097,hamming,20.25,0.9998881592393141,27,5
The,0.038580327498968975,hamming,20.25,0.9998881592393141,27,5
speakers,-0.027615978524644164,hamming,20.25,0.9998881592393141,27,5
were,0.06370280687668141,hamming,20.25,0.9998881592393141,27,5
knowledgeable,-0.02017126513039018,hamming,20.25,0.9998881592393141,27,5
insightful,-0.22058943678767215,hamming,20.25,0.9998881592393141,27,5
learned,-0.06898831688043684,hamming,20.25,0.9998881592393141,27,5
lot,0.03567739100265346,hamming,20.25,0.9998881592393141,27,5
from,-0.011698316125393196,hamming,20.25,0.9998881592393141,27,5
them,-0.011258092852668206,hamming,20.25,0.9998881592393141,27,5
I,-0.05281591851435833,hamming,20.25,0.9998881682390698,27,6
had,0.041208359508614116,hamming,20.25,0.9998881682390698,27,6
a,0.04880422606371082,hamming,20.25,0.9998881682390698,27,6
fantastic,-0.20780751847306203,hamming,20.25,0.9998881682390698,27,6
time,-0.03647751680327214,hamming,20.25,0.9998881682390698,27,6
at,0.01888854883787222,hamming,20.25,0.9998881682390698,27,6
this,-0.0783522127281849,hamming,20.25,0.9998881682390698,27,6
event,-0.01447799656926135,hamming,20.25,0.9998881682390698,27,6
It,0.05536275931964883,hamming,20.25,0.9998881682390698,27,6
was,0.04018997672539927,hamming,20.25,0.9998881682390698,27,6
well,-0.016601921850212323,hamming,20.25,0.9998881682390698,27,6
organized,-0.13743611191933777,hamming,20.25,0.9998881682390698,27,6
and,-0.03129928654682778,hamming,20.25,0.9998881682390698,27,6
enjoyed,0.013095538264906262,hamming,20.25,0.9998881682390698,27,6
every,-0.1148969903115043,hamming,20.25,0.9998881682390698,27,6
moment,-0.04585603169689632,hamming,20.25,0.9998881682390698,27,6
of,0.004070030610617214,hamming,20.25,0.9998881682390698,27,6
it,-0.007589913193291199,hamming,20.25,0.9998881682390698,27,6
The,0.04104590994698344,hamming,20.25,0.9998881682390698,27,6
speakers,-0.035222142481219784,hamming,20.25,0.9998881682390698,27,6
were,0.060802261433080075,hamming,20.25,0.9998881682390698,27,6
knowledgeable,-0.008252025064923786,hamming,20.25,0.9998881682390698,27,6
insightful,-0.20599931867294868,hamming,20.25,0.9998881682390698,27,6
learned,-0.06985006546426242,hamming,20.25,0.9998881682390698,27,6
lot,0.015587712208963484,hamming,20.25,0.9998881682390698,27,6
from,-0.008065206167639923,hamming,20.25,0.9998881682390698,27,6
them,-0.015691277995522113,hamming,20.25,0.9998881682390698,27,6
I,-0.04547334138504878,hamming,20.25,0.999888051540684,27,7
had,0.046990734654987924,hamming,20.25,0.999888051540684,27,7
a,0.050765909712315836,hamming,20.25,0.999888051540684,27,7
fantastic,-0.19484355914136942,hamming,20.25,0.999888051540684,27,7
time,-0.0331031400473629,hamming,20.25,0.999888051540684,27,7
at,0.015275320040763773,hamming,20.25,0.999888051540684,27,7
this,-0.07617020754644463,hamming,20.25,0.999888051540684,27,7
event,-0.02347352320792099,hamming,20.25,0.999888051540684,27,7
It,0.05961688773144857,hamming,20.25,0.999888051540684,27,7
was,0.05404299095126896,hamming,20.25,0.999888051540684,27,7
well,-0.00812260552352979,hamming,20.25,0.999888051540684,27,7
organized,-0.13796462437768917,hamming,20.25,0.999888051540684,27,7
and,-0.02588393300274233,hamming,20.25,0.999888051540684,27,7
enjoyed,0.01668516702858504,hamming,20.25,0.999888051540684,27,7
every,-0.11749595133351194,hamming,20.25,0.999888051540684,27,7
moment,-0.035107936421118244,hamming,20.25,0.999888051540684,27,7
of,0.014917006878343247,hamming,20.25,0.999888051540684,27,7
it,-0.016988562389404726,hamming,20.25,0.999888051540684,27,7
The,0.03840441497058799,hamming,20.25,0.999888051540684,27,7
speakers,-0.04605451253335987,hamming,20.25,0.999888051540684,27,7
were,0.06815023950156857,hamming,20.25,0.999888051540684,27,7
knowledgeable,0.0004747838461714271,hamming,20.25,0.999888051540684,27,7
insightful,-0.20338813098713907,hamming,20.25,0.999888051540684,27,7
learned,-0.06889202692177776,hamming,20.25,0.999888051540684,27,7
lot,0.031153688910293898,hamming,20.25,0.999888051540684,27,7
from,-0.011701706471232703,hamming,20.25,0.999888051540684,27,7
them,-0.021436356620263303,hamming,20.25,0.999888051540684,27,7
I,-0.056863049196623446,hamming,20.25,0.999888059633987,27,8
had,0.0328351620656049,hamming,20.25,0.999888059633987,27,8
a,0.04584318680716439,hamming,20.25,0.999888059633987,27,8
fantastic,-0.19434497964077585,hamming,20.25,0.999888059633987,27,8
time,-0.03330671574133121,hamming,20.25,0.999888059633987,27,8
at,-0.004785043083924927,hamming,20.25,0.999888059633987,27,8
this,-0.08401641918769595,hamming,20.25,0.999888059633987,27,8
event,-0.015619802677412345,hamming,20.25,0.999888059633987,27,8
It,0.06137744326646869,hamming,20.25,0.999888059633987,27,8
was,0.046836068216549245,hamming,20.25,0.999888059633987,27,8
well,-0.0101811055447832,hamming,20.25,0.999888059633987,27,8
organized,-0.14034551858647334,hamming,20.25,0.999888059633987,27,8
and,-0.027364666414141196,hamming,20.25,0.999888059633987,27,8
enjoyed,0.010894596431348672,hamming,20.25,0.999888059633987,27,8
every,-0.12556367892079973,hamming,20.25,0.999888059633987,27,8
moment,-0.043957661538736086,hamming,20.25,0.999888059633987,27,8
of,0.023564319112746035,hamming,20.25,0.999888059633987,27,8
it,-0.02065661309888745,hamming,20.25,0.999888059633987,27,8
The,0.029305556605611672,hamming,20.25,0.999888059633987,27,8
speakers,-0.029455937225327234,hamming,20.25,0.999888059633987,27,8
were,0.06858504699080815,hamming,20.25,0.999888059633987,27,8
knowledgeable,0.0015157742494582261,hamming,20.25,0.999888059633987,27,8
insightful,-0.18869867017465122,hamming,20.25,0.999888059633987,27,8
learned,-0.06667600913263882,hamming,20.25,0.999888059633987,27,8
lot,0.028919282481378206,hamming,20.25,0.999888059633987,27,8
from,-0.009942087088155244,hamming,20.25,0.999888059633987,27,8
them,-0.01110877021427828,hamming,20.25,0.999888059633987,27,8
I,-0.045466773625796125,hamming,20.25,0.9998880351610784,27,9
had,0.040873222662800066,hamming,20.25,0.9998880351610784,27,9
a,0.05079907202327683,hamming,20.25,0.9998880351610784,27,9
fantastic,-0.21017800121905508,hamming,20.25,0.9998880351610784,27,9
time,-0.05327351594881777,hamming,20.25,0.9998880351610784,27,9
at,0.0052717084929565705,hamming,20.25,0.9998880351610784,27,9
this,-0.07784854930110377,hamming,20.25,0.9998880351610784,27,9
event,-0.017788082773408792,hamming,20.25,0.9998880351610784,27,9
It,0.05575152576236401,hamming,20.25,0.9998880351610784,27,9
was,0.045282418846150335,hamming,20.25,0.9998880351610784,27,9
well,0.0027806709437734637,hamming,20.25,0.9998880351610784,27,9
organized,-0.1599853502958286,hamming,20.25,0.9998880351610784,27,9
and,-0.037329176661109846,hamming,20.25,0.9998880351610784,27,9
enjoyed,0.014346446127746474,hamming,20.25,0.9998880351610784,27,9
every,-0.12876258304442292,hamming,20.25,0.9998880351610784,27,9
moment,-0.03123791311901743,hamming,20.25,0.9998880351610784,27,9
of,0.019594011637621308,hamming,20.25,0.9998880351610784,27,9
it,-0.02190371082184415,hamming,20.25,0.9998880351610784,27,9
The,0.045716761871961546,hamming,20.25,0.9998880351610784,27,9
speakers,-0.026753570778058282,hamming,20.25,0.9998880351610784,27,9
were,0.05507213883018399,hamming,20.25,0.9998880351610784,27,9
knowledgeable,-0.008473124416813872,hamming,20.25,0.9998880351610784,27,9
insightful,-0.20106173564164256,hamming,20.25,0.9998880351610784,27,9
learned,-0.08711813149680582,hamming,20.25,0.9998880351610784,27,9
lot,0.026697820451526716,hamming,20.25,0.9998880351610784,27,9
from,-0.011923136627334543,hamming,20.25,0.9998880351610784,27,9
them,-0.004558714204824461,hamming,20.25,0.9998880351610784,27,9
I,-0.04261499538437852,euclidean,3.8971,0.707370644373815,27,0
had,0.03828727868053155,euclidean,3.8971,0.707370644373815,27,0
a,0.04298373468095735,euclidean,3.8971,0.707370644373815,27,0
fantastic,-0.2064847653388896,euclidean,3.8971,0.707370644373815,27,0
time,-0.03270587936942286,euclidean,3.8971,0.707370644373815,27,0
at,-0.0004952133917701157,euclidean,3.8971,0.707370644373815,27,0
this,-0.0803350259493754,euclidean,3.8971,0.707370644373815,27,0
event,-0.0274351320310886,euclidean,3.8971,0.707370644373815,27,0
It,0.05075854622317433,euclidean,3.8971,0.707370644373815,27,0
was,0.04717112391277871,euclidean,3.8971,0.707370644373815,27,0
well,-0.010204005788850869,euclidean,3.8971,0.707370644373815,27,0
organized,-0.1333334503001484,euclidean,3.8971,0.707370644373815,27,0
and,-0.03080093541121595,euclidean,3.8971,0.707370644373815,27,0
enjoyed,0.018622572663790034,euclidean,3.8971,0.707370644373815,27,0
every,-0.11950655380696391,euclidean,3.8971,0.707370644373815,27,0
moment,-0.02765889316884974,euclidean,3.8971,0.707370644373815,27,0
of,0.0007843099995983622,euclidean,3.8971,0.707370644373815,27,0
it,-0.008363094489013236,euclidean,3.8971,0.707370644373815,27,0
The,0.030288191646968245,euclidean,3.8971,0.707370644373815,27,0
speakers,-0.03317917132808361,euclidean,3.8971,0.707370644373815,27,0
were,0.0643144646624805,euclidean,3.8971,0.707370644373815,27,0
knowledgeable,-0.0022685404081856445,euclidean,3.8971,0.707370644373815,27,0
insightful,-0.19762504216057492,euclidean,3.8971,0.707370644373815,27,0
learned,-0.06631780834462937,euclidean,3.8971,0.707370644373815,27,0
lot,0.030007210603841965,euclidean,3.8971,0.707370644373815,27,0
from,-0.007522420689128084,euclidean,3.8971,0.707370644373815,27,0
them,-0.012298197497627244,euclidean,3.8971,0.707370644373815,27,0
I,-0.045994716614085523,euclidean,3.8971,0.7073790921673135,27,1
had,0.03735264010446327,euclidean,3.8971,0.7073790921673135,27,1
a,0.047804495270203924,euclidean,3.8971,0.7073790921673135,27,1
fantastic,-0.1975387130300525,euclidean,3.8971,0.7073790921673135,27,1
time,-0.039376523442099964,euclidean,3.8971,0.7073790921673135,27,1
at,0.001377439432598543,euclidean,3.8971,0.7073790921673135,27,1
this,-0.07971460311322906,euclidean,3.8971,0.7073790921673135,27,1
event,-0.004155778970036836,euclidean,3.8971,0.7073790921673135,27,1
It,0.049664523817707217,euclidean,3.8971,0.7073790921673135,27,1
was,0.03412052198841081,euclidean,3.8971,0.7073790921673135,27,1
well,0.0009287109147264463,euclidean,3.8971,0.7073790921673135,27,1
organized,-0.14685582186108156,euclidean,3.8971,0.7073790921673135,27,1
and,-0.025250163302954442,euclidean,3.8971,0.7073790921673135,27,1
enjoyed,0.007438609632530143,euclidean,3.8971,0.7073790921673135,27,1
every,-0.1093543821202543,euclidean,3.8971,0.7073790921673135,27,1
moment,-0.03864098828972203,euclidean,3.8971,0.7073790921673135,27,1
of,0.012397138657889498,euclidean,3.8971,0.7073790921673135,27,1
it,-0.019517841958979397,euclidean,3.8971,0.7073790921673135,27,1
The,0.0451082492556185,euclidean,3.8971,0.7073790921673135,27,1
speakers,-0.03516623349375161,euclidean,3.8971,0.7073790921673135,27,1
were,0.05352103913695371,euclidean,3.8971,0.7073790921673135,27,1
knowledgeable,-0.007193384980625429,euclidean,3.8971,0.7073790921673135,27,1
insightful,-0.19792813784662142,euclidean,3.8971,0.7073790921673135,27,1
learned,-0.07632577661298763,euclidean,3.8971,0.7073790921673135,27,1
lot,0.03230734214536273,euclidean,3.8971,0.7073790921673135,27,1
from,0.00756822121007472,euclidean,3.8971,0.7073790921673135,27,1
them,-0.02038252209476679,euclidean,3.8971,0.7073790921673135,27,1
I,-0.03819992132477394,euclidean,3.8971,0.7073533665419955,27,2
had,0.035292723568128535,euclidean,3.8971,0.7073533665419955,27,2
a,0.052500236919819726,euclidean,3.8971,0.7073533665419955,27,2
fantastic,-0.2113705103640302,euclidean,3.8971,0.7073533665419955,27,2
time,-0.038289600347520304,euclidean,3.8971,0.7073533665419955,27,2
at,0.007207647448229644,euclidean,3.8971,0.7073533665419955,27,2
this,-0.07873707941712142,euclidean,3.8971,0.7073533665419955,27,2
event,-0.016578751348117225,euclidean,3.8971,0.7073533665419955,27,2
It,0.05662021810762259,euclidean,3.8971,0.7073533665419955,27,2
was,0.03874436908671492,euclidean,3.8971,0.7073533665419955,27,2
well,-0.015768037880256446,euclidean,3.8971,0.7073533665419955,27,2
organized,-0.1312982923209216,euclidean,3.8971,0.7073533665419955,27,2
and,-0.046108795243509755,euclidean,3.8971,0.7073533665419955,27,2
enjoyed,0.0053474610799958905,euclidean,3.8971,0.7073533665419955,27,2
every,-0.11767124450794046,euclidean,3.8971,0.7073533665419955,27,2
moment,-0.037595533078021916,euclidean,3.8971,0.7073533665419955,27,2
of,0.017276095440838073,euclidean,3.8971,0.7073533665419955,27,2
it,-0.024534755920376402,euclidean,3.8971,0.7073533665419955,27,2
The,0.030107098573457412,euclidean,3.8971,0.7073533665419955,27,2
speakers,-0.0215546811926874,euclidean,3.8971,0.7073533665419955,27,2
were,0.061071470203214274,euclidean,3.8971,0.7073533665419955,27,2
knowledgeable,-0.009343347516403125,euclidean,3.8971,0.7073533665419955,27,2
insightful,-0.20478237670088165,euclidean,3.8971,0.7073533665419955,27,2
learned,-0.060027298482321176,euclidean,3.8971,0.7073533665419955,27,2
lot,0.028349172772323083,euclidean,3.8971,0.7073533665419955,27,2
from,-0.011978912568794952,euclidean,3.8971,0.7073533665419955,27,2
them,-0.024552173092174247,euclidean,3.8971,0.7073533665419955,27,2
I,-0.04264704686063864,euclidean,3.8971,0.7072516257711481,27,3
had,0.03742626111074642,euclidean,3.8971,0.7072516257711481,27,3
a,0.04233952769690559,euclidean,3.8971,0.7072516257711481,27,3
fantastic,-0.1990442921219816,euclidean,3.8971,0.7072516257711481,27,3
time,-0.044785831579197584,euclidean,3.8971,0.7072516257711481,27,3
at,0.01233799235203912,euclidean,3.8971,0.7072516257711481,27,3
this,-0.07250788750035987,euclidean,3.8971,0.7072516257711481,27,3
event,-0.01231898239999536,euclidean,3.8971,0.7072516257711481,27,3
It,0.055171509174187734,euclidean,3.8971,0.7072516257711481,27,3
was,0.04916256733072688,euclidean,3.8971,0.7072516257711481,27,3
well,0.002117326167838405,euclidean,3.8971,0.7072516257711481,27,3
organized,-0.14655219219000779,euclidean,3.8971,0.7072516257711481,27,3
and,-0.02920715208863266,euclidean,3.8971,0.7072516257711481,27,3
enjoyed,0.01102536486705116,euclidean,3.8971,0.7072516257711481,27,3
every,-0.11924426072403178,euclidean,3.8971,0.7072516257711481,27,3
moment,-0.029069683849697596,euclidean,3.8971,0.7072516257711481,27,3
of,0.007384322016936753,euclidean,3.8971,0.7072516257711481,27,3
it,-0.013285345647537753,euclidean,3.8971,0.7072516257711481,27,3
The,0.043425954341402735,euclidean,3.8971,0.7072516257711481,27,3
speakers,-0.027951607780134117,euclidean,3.8971,0.7072516257711481,27,3
were,0.056871603909082045,euclidean,3.8971,0.7072516257711481,27,3
knowledgeable,-0.005434676832938693,euclidean,3.8971,0.7072516257711481,27,3
insightful,-0.19992309570226172,euclidean,3.8971,0.7072516257711481,27,3
learned,-0.05502739310684462,euclidean,3.8971,0.7072516257711481,27,3
lot,0.03503425884347759,euclidean,3.8971,0.7072516257711481,27,3
from,-0.007084553333086038,euclidean,3.8971,0.7072516257711481,27,3
them,-0.0068995188540450225,euclidean,3.8971,0.7072516257711481,27,3
I,-0.04696522862538856,euclidean,3.8971,0.7073240575964147,27,4
had,0.039077383303547875,euclidean,3.8971,0.7073240575964147,27,4
a,0.04681564239454017,euclidean,3.8971,0.7073240575964147,27,4
fantastic,-0.19686677661119983,euclidean,3.8971,0.7073240575964147,27,4
time,-0.05736403712712328,euclidean,3.8971,0.7073240575964147,27,4
at,-0.00045541029115121274,euclidean,3.8971,0.7073240575964147,27,4
this,-0.08777487510783487,euclidean,3.8971,0.7073240575964147,27,4
event,-0.013110410422216863,euclidean,3.8971,0.7073240575964147,27,4
It,0.05183627728234166,euclidean,3.8971,0.7073240575964147,27,4
was,0.04072757151873955,euclidean,3.8971,0.7073240575964147,27,4
well,0.0007411973185415728,euclidean,3.8971,0.7073240575964147,27,4
organized,-0.14457833737777925,euclidean,3.8971,0.7073240575964147,27,4
and,-0.015795675487680096,euclidean,3.8971,0.7073240575964147,27,4
enjoyed,0.0014107916629512171,euclidean,3.8971,0.7073240575964147,27,4
every,-0.12041260293030365,euclidean,3.8971,0.7073240575964147,27,4
moment,-0.04482524025390176,euclidean,3.8971,0.7073240575964147,27,4
of,0.016330300796160328,euclidean,3.8971,0.7073240575964147,27,4
it,-0.01740857357527988,euclidean,3.8971,0.7073240575964147,27,4
The,0.0356706853908166,euclidean,3.8971,0.7073240575964147,27,4
speakers,-0.034138876820574975,euclidean,3.8971,0.7073240575964147,27,4
were,0.06151148409692928,euclidean,3.8971,0.7073240575964147,27,4
knowledgeable,-0.01595054347612884,euclidean,3.8971,0.7073240575964147,27,4
insightful,-0.20685005374230572,euclidean,3.8971,0.7073240575964147,27,4
learned,-0.05595140717704353,euclidean,3.8971,0.7073240575964147,27,4
lot,0.025601025913568873,euclidean,3.8971,0.7073240575964147,27,4
from,-0.01441984119569217,euclidean,3.8971,0.7073240575964147,27,4
them,-0.015464023851278918,euclidean,3.8971,0.7073240575964147,27,4
I,-0.045635531393815286,euclidean,3.8971,0.7073302029542085,27,5
had,0.04025208597704375,euclidean,3.8971,0.7073302029542085,27,5
a,0.044010709957326144,euclidean,3.8971,0.7073302029542085,27,5
fantastic,-0.19881832041359504,euclidean,3.8971,0.7073302029542085,27,5
time,-0.034900424532184934,euclidean,3.8971,0.7073302029542085,27,5
at,0.015512906130142707,euclidean,3.8971,0.7073302029542085,27,5
this,-0.08237991383318778,euclidean,3.8971,0.7073302029542085,27,5
event,-0.012904233804213551,euclidean,3.8971,0.7073302029542085,27,5
It,0.05882048397101203,euclidean,3.8971,0.7073302029542085,27,5
was,0.04391460115876997,euclidean,3.8971,0.7073302029542085,27,5
well,-0.0076514558977630745,euclidean,3.8971,0.7073302029542085,27,5
organized,-0.15684779608737112,euclidean,3.8971,0.7073302029542085,27,5
and,-0.029522753900533022,euclidean,3.8971,0.7073302029542085,27,5
enjoyed,0.01584946881071241,euclidean,3.8971,0.7073302029542085,27,5
every,-0.12369954249368051,euclidean,3.8971,0.7073302029542085,27,5
moment,-0.03750149778072825,euclidean,3.8971,0.7073302029542085,27,5
of,0.019314227393626628,euclidean,3.8971,0.7073302029542085,27,5
it,-0.016787733938369114,euclidean,3.8971,0.7073302029542085,27,5
The,0.028622864751282263,euclidean,3.8971,0.7073302029542085,27,5
speakers,-0.03628944700975765,euclidean,3.8971,0.7073302029542085,27,5
were,0.060989945535091544,euclidean,3.8971,0.7073302029542085,27,5
knowledgeable,-0.007562373994328129,euclidean,3.8971,0.7073302029542085,27,5
insightful,-0.19343719034503068,euclidean,3.8971,0.7073302029542085,27,5
learned,-0.06906611291874996,euclidean,3.8971,0.7073302029542085,27,5
lot,0.014782152663693017,euclidean,3.8971,0.7073302029542085,27,5
from,-0.018857376892454574,euclidean,3.8971,0.7073302029542085,27,5
them,-0.01917665254939996,euclidean,3.8971,0.7073302029542085,27,5
I,-0.03822596977913615,euclidean,3.8971,0.7073608971074119,27,6
had,0.036178167719280306,euclidean,3.8971,0.7073608971074119,27,6
a,0.046620637336666174,euclidean,3.8971,0.7073608971074119,27,6
fantastic,-0.18257823532868986,euclidean,3.8971,0.7073608971074119,27,6
time,-0.031028852241135964,euclidean,3.8971,0.7073608971074119,27,6
at,0.014540829237326532,euclidean,3.8971,0.7073608971074119,27,6
this,-0.07094910916493256,euclidean,3.8971,0.7073608971074119,27,6
event,-0.03428768005900496,euclidean,3.8971,0.7073608971074119,27,6
It,0.04265216875835198,euclidean,3.8971,0.7073608971074119,27,6
was,0.03993211525849952,euclidean,3.8971,0.7073608971074119,27,6
well,-0.002615907565552625,euclidean,3.8971,0.7073608971074119,27,6
organized,-0.12671981036618427,euclidean,3.8971,0.7073608971074119,27,6
and,-0.039029309063879684,euclidean,3.8971,0.7073608971074119,27,6
enjoyed,0.017825636554426347,euclidean,3.8971,0.7073608971074119,27,6
every,-0.11988300062984875,euclidean,3.8971,0.7073608971074119,27,6
moment,-0.03533289397481868,euclidean,3.8971,0.7073608971074119,27,6
of,0.021862987083433563,euclidean,3.8971,0.7073608971074119,27,6
it,-0.024107860608581937,euclidean,3.8971,0.7073608971074119,27,6
The,0.02503937686738259,euclidean,3.8971,0.7073608971074119,27,6
speakers,-0.02982914700143685,euclidean,3.8971,0.7073608971074119,27,6
were,0.05086703622836189,euclidean,3.8971,0.7073608971074119,27,6
knowledgeable,-0.00969330974245564,euclidean,3.8971,0.7073608971074119,27,6
insightful,-0.2050569363998654,euclidean,3.8971,0.7073608971074119,27,6
learned,-0.07512006052181953,euclidean,3.8971,0.7073608971074119,27,6
lot,0.030061848989731767,euclidean,3.8971,0.7073608971074119,27,6
from,-0.006171696225682702,euclidean,3.8971,0.7073608971074119,27,6
them,-0.00855865014110385,euclidean,3.8971,0.7073608971074119,27,6
I,-0.050420110619408536,euclidean,3.8971,0.7073617433301105,27,7
had,0.04099883689558754,euclidean,3.8971,0.7073617433301105,27,7
a,0.04176260930536059,euclidean,3.8971,0.7073617433301105,27,7
fantastic,-0.1925096195174816,euclidean,3.8971,0.7073617433301105,27,7
time,-0.04920972559538561,euclidean,3.8971,0.7073617433301105,27,7
at,0.010228782508135978,euclidean,3.8971,0.7073617433301105,27,7
this,-0.09518290394661079,euclidean,3.8971,0.7073617433301105,27,7
event,-0.011122703729850972,euclidean,3.8971,0.7073617433301105,27,7
It,0.05091388177042333,euclidean,3.8971,0.7073617433301105,27,7
was,0.04623008602654033,euclidean,3.8971,0.7073617433301105,27,7
well,-0.009128194491797663,euclidean,3.8971,0.7073617433301105,27,7
organized,-0.13793826232005685,euclidean,3.8971,0.7073617433301105,27,7
and,-0.031187397782434723,euclidean,3.8971,0.7073617433301105,27,7
enjoyed,0.012119224982300714,euclidean,3.8971,0.7073617433301105,27,7
every,-0.12127165981541671,euclidean,3.8971,0.7073617433301105,27,7
moment,-0.032636882097979644,euclidean,3.8971,0.7073617433301105,27,7
of,0.02412109366565001,euclidean,3.8971,0.7073617433301105,27,7
it,-0.01998468199323674,euclidean,3.8971,0.7073617433301105,27,7
The,0.04296872689656112,euclidean,3.8971,0.7073617433301105,27,7
speakers,-0.02521129070674788,euclidean,3.8971,0.7073617433301105,27,7
were,0.06312362130015399,euclidean,3.8971,0.7073617433301105,27,7
knowledgeable,-0.0021253290493151505,euclidean,3.8971,0.7073617433301105,27,7
insightful,-0.20158055766237148,euclidean,3.8971,0.7073617433301105,27,7
learned,-0.061273256614708616,euclidean,3.8971,0.7073617433301105,27,7
lot,0.026948889154675373,euclidean,3.8971,0.7073617433301105,27,7
from,-0.008324193845532601,euclidean,3.8971,0.7073617433301105,27,7
them,-0.017542631246973226,euclidean,3.8971,0.7073617433301105,27,7
I,-0.048879240116567205,euclidean,3.8971,0.7073735716677683,27,8
had,0.035988664686492006,euclidean,3.8971,0.7073735716677683,27,8
a,0.0447523754534555,euclidean,3.8971,0.7073735716677683,27,8
fantastic,-0.18547990866748784,euclidean,3.8971,0.7073735716677683,27,8
time,-0.045265023006059564,euclidean,3.8971,0.7073735716677683,27,8
at,-0.0021933600396723462,euclidean,3.8971,0.7073735716677683,27,8
this,-0.07029375310596468,euclidean,3.8971,0.7073735716677683,27,8
event,-0.011727992989867162,euclidean,3.8971,0.7073735716677683,27,8
It,0.05221133554256539,euclidean,3.8971,0.7073735716677683,27,8
was,0.04804156065813197,euclidean,3.8971,0.7073735716677683,27,8
well,-0.008289753458889935,euclidean,3.8971,0.7073735716677683,27,8
organized,-0.13596319634010065,euclidean,3.8971,0.7073735716677683,27,8
and,-0.038141206110910056,euclidean,3.8971,0.7073735716677683,27,8
enjoyed,0.018942525455660997,euclidean,3.8971,0.7073735716677683,27,8
every,-0.12291921669371811,euclidean,3.8971,0.7073735716677683,27,8
moment,-0.038073907914909375,euclidean,3.8971,0.7073735716677683,27,8
of,-0.00503600753777068,euclidean,3.8971,0.7073735716677683,27,8
it,-0.019578781951624144,euclidean,3.8971,0.7073735716677683,27,8
The,0.03465981418148207,euclidean,3.8971,0.7073735716677683,27,8
speakers,-0.02504182378667181,euclidean,3.8971,0.7073735716677683,27,8
were,0.04889015892785669,euclidean,3.8971,0.7073735716677683,27,8
knowledgeable,-0.0002563181742414037,euclidean,3.8971,0.7073735716677683,27,8
insightful,-0.18282584799427024,euclidean,3.8971,0.7073735716677683,27,8
learned,-0.05958679387537212,euclidean,3.8971,0.7073735716677683,27,8
lot,0.034442980801209326,euclidean,3.8971,0.7073735716677683,27,8
from,-0.0016476761247342477,euclidean,3.8971,0.7073735716677683,27,8
them,-0.019665225575362894,euclidean,3.8971,0.7073735716677683,27,8
I,-0.033979092544652,euclidean,3.8971,0.7074267168395456,27,9
had,0.03600767443649909,euclidean,3.8971,0.7074267168395456,27,9
a,0.045057227719737344,euclidean,3.8971,0.7074267168395456,27,9
fantastic,-0.20331263030624705,euclidean,3.8971,0.7074267168395456,27,9
time,-0.03117501166325045,euclidean,3.8971,0.7074267168395456,27,9
at,-0.002841245948552449,euclidean,3.8971,0.7074267168395456,27,9
this,-0.08516700464734878,euclidean,3.8971,0.7074267168395456,27,9
event,-0.020609959637776964,euclidean,3.8971,0.7074267168395456,27,9
It,0.05295606971841477,euclidean,3.8971,0.7074267168395456,27,9
was,0.04935955981539109,euclidean,3.8971,0.7074267168395456,27,9
well,-0.01429843844217924,euclidean,3.8971,0.7074267168395456,27,9
organized,-0.14275802068235183,euclidean,3.8971,0.7074267168395456,27,9
and,-0.03365530464006002,euclidean,3.8971,0.7074267168395456,27,9
enjoyed,0.008715204211534317,euclidean,3.8971,0.7074267168395456,27,9
every,-0.12435212240710641,euclidean,3.8971,0.7074267168395456,27,9
moment,-0.04010227571696614,euclidean,3.8971,0.7074267168395456,27,9
of,0.006554034241156167,euclidean,3.8971,0.7074267168395456,27,9
it,-0.015097583937617875,euclidean,3.8971,0.7074267168395456,27,9
The,0.03361079961236147,euclidean,3.8971,0.7074267168395456,27,9
speakers,-0.028536305897417416,euclidean,3.8971,0.7074267168395456,27,9
were,0.048500703514403026,euclidean,3.8971,0.7074267168395456,27,9
knowledgeable,-0.011976679184306626,euclidean,3.8971,0.7074267168395456,27,9
insightful,-0.21301382971618818,euclidean,3.8971,0.7074267168395456,27,9
learned,-0.05466004557755761,euclidean,3.8971,0.7074267168395456,27,9
lot,0.03087455480315063,euclidean,3.8971,0.7074267168395456,27,9
from,-0.005687473513309798,euclidean,3.8971,0.7074267168395456,27,9
them,-0.01884563866725667,euclidean,3.8971,0.7074267168395456,27,9
